Workbook

Sheet Моя семья
A1: Моя семья
B2: Фамилия | C2: Имя | D2: Отчество | E2: Число | F2: Месяц | G2: Год рождения
A3: я | B3: Николаева | C3: Анна | D3: Дмитриевна | E3: 6 | F3: 12 | G3: 2001
A4: мама | B4: Николаева | C4: Екатерина | D4: Александровна | E4: 10 | F4: 7 | G4: 1980
A5: папа | B5: Николаев | C5: Дмитрий | D5: Михайлович | E5: 2 | F5: 4 | G5: 1977
A6: брат | B6: Николаев | C6: Алексей | D6: Дмитриевич | E6: 10 | F6: 6 | G6: 2005
A7: сестра | B7: Николаева | C7: Елена | D7: Дмитриевна | E7: 30 | F7: 10 | G7: 2010

Sheet Даты
A1: Даты
B2: ФИО | C2: Дата рождения
A3: я | B3: =CONCATENATE('Моя семья'!B3," ",'Моя семья'!C3," ",'Моя семья'!D3) -> Николаева Анна Дмитриевна | C3: =DATE('Моя семья'!G3,'Моя семья'!F3,'Моя семья'!E3) -> 37231
A4: мама | B4: =CONCATENATE('Моя семья'!B4," ",'Моя семья'!C4," ",'Моя семья'!D4) -> Николаева Екатерина Александровна | C4: =DATE('Моя семья'!G4,'Моя семья'!F4,'Моя семья'!E4) -> 29412
A5: папа | B5: =CONCATENATE('Моя семья'!B5," ",'Моя семья'!C5," ",'Моя семья'!D5) -> Николаев Дмитрий Михайлович | C5: =DATE('Моя семья'!G5,'Моя семья'!F5,'Моя семья'!E5) -> 28217
A6: брат | B6: =CONCATENATE('Моя семья'!B6," ",'Моя семья'!C6," ",'Моя семья'!D6) -> Николаев Алексей Дмитриевич | C6: =DATE('Моя семья'!G6,'Моя семья'!F6,'Моя семья'!E6) -> 38513
A7: сестра | B7: =CONCATENATE('Моя семья'!B7," ",'Моя семья'!C7," ",'Моя семья'!D7) -> Николаева Елена Дмитриевна | C7: =DATE('Моя семья'!G7,'Моя семья'!F7,'Моя семья'!E7) -> 40481

Sheet Дни Рождения
A1: Дни Рождения
B2: Дата рождения | C2: День недели | D2: Название дня недели | E2: Сколько дней прошло с Дня Рождения
A3: я | B3: =DATE('Моя семья'!G3,'Моя семья'!F3,'Моя семья'!E3) -> 37231 | C3: =WEEKDAY(B3,2) -> 4 | D3: =CHOOSE(C3,"Понедельник","Вторник","Среда","Четверг", "Пятница","Суббота","Воскресенье") -> Четверг | E3: =TODAY()-B3 -> 8538
A4: мама | B4: =DATE('Моя семья'!G4,'Моя семья'!F4,'Моя семья'!E4) -> 29412 | C4: =WEEKDAY(B4,2) -> 4 | D4: =CHOOSE(C4,"Понедельник","Вторник","Среда","Четверг", "Пятница","Суббота","Воскресенье") -> Четверг | E4: =TODAY()-B4 -> 16357
A5: папа | B5: =DATE('Моя семья'!G5,'Моя семья'!F5,'Моя семья'!E5) -> 28217 | C5: =WEEKDAY(B5,2) -> 6 | D5: =CHOOSE(C5,"Понедельник","Вторник","Среда","Четверг", "Пятница","Суббота","Воскресенье") -> Суббота | E5: =TODAY()-B5 -> 17552
A6: брат | B6: =DATE('Моя семья'!G6,'Моя семья'!F6,'Моя семья'!E6) -> 38513 | C6: =WEEKDAY(B6,2) -> 5 | D6: =CHOOSE(C6,"Понедельник","Вторник","Среда","Четверг", "Пятница","Суббота","Воскресенье") -> Пятница | E6: =TODAY()-B6 -> 7256
A7: сестра | B7: =DATE('Моя семья'!G7,'Моя семья'!F7,'Моя семья'!E7) -> 40481 | C7: =WEEKDAY(B7,2) -> 6 | D7: =CHOOSE(C7,"Понедельник","Вторник","Среда","Четверг", "Пятница","Суббота","Воскресенье") -> Суббота | E7: =TODAY()-B7 -> 5288

Sheet Электронная почта
A1: Электронная почта
B2: ФИО | C2: Фамилия | D2: Имя | E2: Отчество | F2: Фамилия с инициалами | G2: Адрес электронной почты
A3: я | B3: Николаева Анна Дмитриевна | C3: Николаева | D3: Анна | E3: Дмитриевна | F3: =CONCATENATE('Моя семья'!B3, " ",LEFT('Моя семья'!C3,1),".",LEFT('Моя семья'!D3,1),".") -> Николаева А.Д. | G3: mailto:anna_nikolaeva@starnet.ru
A4: мама | B4: Николаева Екатерина Александровна | C4: Николаева | D4: Екатерина | E4: Александровна | F4: =CONCATENATE('Моя семья'!B4, " ",LEFT('Моя семья'!C4,1),".",LEFT('Моя семья'!D4,1),".") -> Николаева Е.А. | G4: mailto:nikolaeva1980@mail.ru
A5: папа | B5: Николаев Дмитрий Михайлович | C5: Николаев | D5: Дмитрий | E5: Михайлович | F5: =CONCATENATE('Моя семья'!B5, " ",LEFT('Моя семья'!C5,1),".",LEFT('Моя семья'!D5,1),".") -> Николаев Д.М. | G5: mailto:dm_nikolaev@econ.msu.ru
A6: брат | B6: Николаев Алексей Дмитриевич | C6: Николаев | D6: Алексей | E6: Дмитриевич | F6: =CONCATENATE('Моя семья'!B6, " ",LEFT('Моя семья'!C6,1),".",LEFT('Моя семья'!D6,1),".") -> Николаев А.Д. | G6: mailto:10062005@gmail.ru
A7: сестра | B7: Николаева Елена Дмитриевна | C7: Николаева | D7: Елена | E7: Дмитриевна | F7: =CONCATENATE('Моя семья'!B7, " ",LEFT('Моя семья'!C7,1),".",LEFT('Моя семья'!D7,1),".") -> Николаева Е.Д.

Sheet Следующий День Рождения
A1: Следующий День Рождения
B2: Текущий год | C2: Новый год | D2: День Рождения в этом году | E2: Следующий День Рождения | F2: Сколько дней до следующего Дня Рождения
A3: я | B3: =YEAR(TODAY()) -> 2025 | C3: =DATE(B3+1,1,1) -> 46023 | D3: =DATE(B3,'Моя семья'!F3,'Моя семья'!E3) -> 45997 | E3: =IF(D3>=TODAY(),D3,DATE(B3+1,'Моя семья'!F3,'Моя семья'!E3)) -> 45997 | F3: =E3-TODAY() -> 228
A4: мама | B4: =YEAR(TODAY()) -> 2025 | C4: =DATE(B4+1,1,1) -> 46023 | D4: =DATE(B4,'Моя семья'!F4,'Моя семья'!E4) -> 45848 | E4: =IF(D4>=TODAY(),D4,DATE(B4+1,'Моя семья'!F4,'Моя семья'!E4)) -> 45848 | F4: =E4-TODAY() -> 79
A5: папа | B5: =YEAR(TODAY()) -> 2025 | C5: =DATE(B5+1,1,1) -> 46023 | D5: =DATE(B5,'Моя семья'!F5,'Моя семья'!E5) -> 45749 | E5: =IF(D5>=TODAY(),D5,DATE(B5+1,'Моя семья'!F5,'Моя семья'!E5)) -> 46114 | F5: =E5-TODAY() -> 345
A6: брат | B6: =YEAR(TODAY()) -> 2025 | C6: =DATE(B6+1,1,1) -> 46023 | D6: =DATE(B6,'Моя семья'!F6,'Моя семья'!E6) -> 45818 | E6: =IF(D6>=TODAY(),D6,DATE(B6+1,'Моя семья'!F6,'Моя семья'!E6)) -> 45818 | F6: =E6-TODAY() -> 49
A7: сестра | B7: =YEAR(TODAY()) -> 2025 | C7: =DATE(B7+1,1,1) -> 46023 | D7: =DATE(B7,'Моя семья'!F7,'Моя семья'!E7) -> 45960 | E7: =IF(D7>=TODAY(),D7,DATE(B7+1,'Моя семья'!F7,'Моя семья'!E7)) -> 45960 | F7: =E7-TODAY() -> 191

Sheet ДЗ
A1: № п/п | B1: Фамилия | C1: Имя | D1: Отчество | E1: Фамилия, инициалы | F1: № акад. группы | G1: Информ-атика | H1: Бух. учет | I1: Матем. анализ | J1: Средний балл
A2: 1 | B2: Булахова | C2: Елена | D2: Михайловна | E2: =CONCATENATE(B2," ",LEFT(C2,1),".",LEFT(D2,1),".") -> Булахова Е.М. | F2: 101 | G2: 5 | H2: 5 | I2: 5 | J2: =AVERAGE(G2:I2) -> 5 | S2: 101 | T2: Количество отличников = | U2: =COUNTIF(J2:J14,S5) -> 2
A3: 2 | B3: Галкина | C3: Дарья | D3: Сергеевна | E3: =CONCATENATE(B3," ",LEFT(C3,1),".",LEFT(D3,1),".") -> Галкина Д.С. | F3: 103 | G3: 4 | H3: 4 | I3: 4 | J3: =AVERAGE(G3:I3) -> 4 | L3: Распределение оценок | S3: 102 | T3: Количество двоечников = | U3: =COUNTIF(J2:J14,S8) -> 1
A4: 3 | B4: Коваль | C4: Артем | D4: Максимович | E4: =CONCATENATE(B4," ",LEFT(C4,1),".",LEFT(D4,1),".") -> Коваль А.М. | F4: 102 | G4: 4 | H4: 4 | I4: 5 | J4: =AVERAGE(G4:I4) -> 4.3333333 | M4: Инф | N4: Бух-Уч | O4: Мат-Ан | S4: 103
A5: 4 | B5: Матчин | C5: Артем | D5: Сергеевич | E5: =CONCATENATE(B5," ",LEFT(C5,1),".",LEFT(D5,1),".") -> Матчин А.С. | F5: 102 | G5: 2 | H5: 5 | I5: 3 | J5: =AVERAGE(G5:I5) -> 3.3333333 | L5: Кол-во "5" = | M5: =COUNTIF(G2:G14,$S5) -> 5 | N5: =COUNTIF(H2:H14,$S5) -> 4 | O5: =COUNTIF(I2:I14,$S5) -> 3 | S5: 5
A6: 5 | B6: Морева | C6: Полина | D6: Максимовна | E6: =CONCATENATE(B6," ",LEFT(C6,1),".",LEFT(D6,1),".") -> Морева П.М. | F6: 101 | G6: 5 | H6: 3 | I6: 2 | J6: =AVERAGE(G6:I6) -> 3.3333333 | L6: Кол-во "4" = | M6: =COUNTIF(G3:G15,$S6) -> 4 | N6: =COUNTIF(H3:H15,$S6) -> 4 | O6: =COUNTIF(I3:I15,$S6) -> 5 | S6: 4
A7: 6 | B7: Новак | C7: Ольга | D7: Алексеевна | E7: =CONCATENATE(B7," ",LEFT(C7,1),".",LEFT(D7,1),".") -> Новак О.А. | F7: 103 | G7: 5 | H7: 3 | I7: 4 | J7: =AVERAGE(G7:I7) -> 4 | L7: Кол-во "3" = | M7: =COUNTIF(G4:G16,$S7) -> 2 | N7: =COUNTIF(H4:H16,$S7) -> 3 | O7: =COUNTIF(I4:I16,$S7) -> 2 | S7: 3
A8: 7 | B8: Новиков | C8: Никита | D8: Андреевич | E8: =CONCATENATE(B8," ",LEFT(C8,1),".",LEFT(D8,1),".") -> Новиков Н.А. | F8: 102 | G8: 4 | H8: 4 | I8: 4 | J8: =AVERAGE(G8:I8) -> 4 | L8: Кол-во "2" = | M8: =COUNTIF(G5:G17,$S8) -> 2 | N8: =COUNTIF(H5:H17,$S8) -> 2 | O8: =COUNTIF(I5:I17,$S8) -> 3 | S8: 2
A9: 8 | B9: Пронькина | C9: Лидия | D9: Викторовна | E9: =CONCATENATE(B9," ",LEFT(C9,1),".",LEFT(D9,1),".") -> Пронькина Л.В. | F9: 101 | G9: 5 | H9: 2 | I9: 2 | J9: =AVERAGE(G9:I9) -> 3
A10: 9 | B10: Солянник | C10: Анна | D10: Генриховна | E10: =CONCATENATE(B10," ",LEFT(C10,1),".",LEFT(D10,1),".") -> Солянник А.Г. | F10: 103 | G10: 5 | H10: 5 | I10: 5 | J10: =AVERAGE(G10:I10) -> 5
A11: 10 | B11: Судьина | C11: Дарья | D11: Антоновна | E11: =CONCATENATE(B11," ",LEFT(C11,1),".",LEFT(D11,1),".") -> Судьина Д.А. | F11: 101 | G11: 3 | H11: 5 | I11: 4 | J11: =AVERAGE(G11:I11) -> 4
A12: 11 | B12: Травкова | C12: Алина | D12: Васильевна | E12: =CONCATENATE(B12," ",LEFT(C12,1),".",LEFT(D12,1),".") -> Травкова А.В. | F12: 102 | G12: 4 | H12: 4 | I12: 3 | J12: =AVERAGE(G12:I12) -> 3.6666667
A13: 12 | B13: Уралова | C13: Нина | D13: Ивановна | E13: =CONCATENATE(B13," ",LEFT(C13,1),".",LEFT(D13,1),".") -> Уралова Н.И. | F13: 101 | G13: 2 | H13: 2 | I13: 2 | J13: =AVERAGE(G13:I13) -> 2
A14: 13 | B14: Чубанова | C14: Заяна | D14: Сергеевна | E14: =CONCATENATE(B14," ",LEFT(C14,1),".",LEFT(D14,1),".") -> Чубанова З.С. | F14: 102 | G14: 3 | H14: 3 | I14: 4 | J14: =AVERAGE(G14:I14) -> 3.3333333
F15: Средний балл | G15: =AVERAGE(G2:G14) -> 3.9230769 | H15: =AVERAGE(H2:H14) -> 3.7692308 | I15: =AVERAGE(I2:I14) -> 3.6153846 | J15: =AVERAGE(J2:J14) -> 3.7692308
K18: Средние баллы
K19: № акад. группы | L19: Инфор матика | M19: Бух. Учет | N19: Матем. Анализ | O19: Количество студентов | P19: Средний балл
K20: 101 | L20: =(SUMIF($F$2:$F$14,$K20,G$2:G$14)/$O20) -> 4 | M20: =(SUMIF($F$2:$F$14,$K20,H$2:H$14)/$O20) -> 3.4 | N20: =(SUMIF($F$2:$F$14,$K20,I$2:I$14)/$O20) -> 3 | O20: =COUNTIF($F$2:$F$14,K20) -> 5 | P20: =AVERAGE(L20:N20) -> 3.4666667
K21: 102 | L21: =(SUMIF($F$2:$F$14,$K21,G$2:G$14)/$O21) -> 3.4 | M21: =(SUMIF($F$2:$F$14,$K21,H$2:H$14)/$O21) -> 4 | N21: =(SUMIF($F$2:$F$14,$K21,I$2:I$14)/$O21) -> 3.8 | O21: =COUNTIF($F$2:$F$14,K21) -> 5 | P21: =AVERAGE(L21:N21) -> 3.7333333
K22: 103 | L22: =(SUMIF($F$2:$F$14,$K22,G$2:G$14)/$O22) -> 4.6666667 | M22: =(SUMIF($F$2:$F$14,$K22,H$2:H$14)/$O22) -> 4 | N22: =(SUMIF($F$2:$F$14,$K22,I$2:I$14)/$O22) -> 4.3333333 | O22: =COUNTIF($F$2:$F$14,K22) -> 3 | P22: =AVERAGE(L22:N22) -> 4.3333333
